Indicator,Predictive Score
trend_dpo,0.189874010037583
trend_mass_index,0.169964816369058
trend_vortex_ind_pos,0.16642213764152877
momentum_pvo_hist,0.14845558174859064
momentum_pvo,0.14780624419473806
volume_vpt,0.14505759228583834
volume_obv,0.1365917231841266
volume_nvi,0.1334329713604226
trend_kst,0.13238009124345718
volatility_atr,0.13216156614046717
others_cr,0.12435371506789188
volatility_kcli,0.12277586306072369
volatility_kchi,0.1202829500089946
volatility_kch,0.11862149581108516
trend_ema_fast,0.11795016011465298
